Website;;;;;
www.naturalforce.com;;;;;
www.playbetter.com;;;;;
www.ensorings.com;;;;;
www.amyojewelry.com;;;;;
www.galvanlondon.com;;;;;
www.amazinglace.com;;;;;
www.domrebel.com;;;;;
www.vietri.com;;;;;
www.stockandbarrelco.com;;;;;
www.missionmercantile.com;;;;;
www.cygnett.com;;;;;
www.shopcurve.com;;;;;
www.trueames.com;;;;;
www.shopharveys.com;;;;;
www.ramybrook.com;;;;;
www.nakedtan.com.au;;;;;
www.treklightgear.com;;;;;
www.artoftea.com;;;;;
www.42pressed.com;;;;;
www.audeze.com;;;;;
www.labeldaddy.com;;;;;
www.wolfandshepherd.com;;;;;
www.nisolo.com;;;;;
www.31bits.com;;;;;
www.thistlefarms.org;;;;;
www.sightglasscoffee.com;;;;;
www.amplemeal.com;;;;;
www.scentfill.com;;;;;
www.blindbarber.com;;;;;
www.califiafarms.com;;;;;
www.shurhold.com;;;;;
www.evelo.com;;;;;
www.monicaandandy.com;;;;;
www.babyktan.com;;;;;
www.richer-poorer.com;;;;;
www.storq.com;;;;;
www.toybuilderlabs.com;;;;;
www.riptapparel.com;;;;;
www.oiselle.com;;;;;
www.lemsshoes.com;;;;;
www.charlottebrody.com;;;;;
www.the-citizenry.com;;;;;
www.shwoodshop.com;;;;;
www.zenescope.com;;;;;
www.eboost.com;;;;;
www.insectashoes.com;;;;;
www.momentskis.com;;;;;
www.headphones.com;;;;;
www.lifetherapy.com;;;;;
www.cinemasecrets.com;;;;;
www.gamesroomcompany.com;;;;;
www.skratchlabs.com;;;;;
www.maylindstrom.com;;;;;
www.cloudlineapparel.com;;;;;
www.donabelashreds.com;;;;;
www.vmisports.com;;;;;
www.drinkwellwell.com;;;;;
www.freeflyapparel.com;;;;;
www.michaelsconsignment.com;;;;;
www.halfunited.com;;;;;
www.brainforza.com;;;;;
www.seerosego.com;;;;;
www.caskata.com;;;;;
www.handful.com;;;;;
www.gnarbox.com;;;;;
www.dagnedover.com;;;;;
www.orukayak.com;;;;;
www.barbellsforboobs.org;;;;;
www.caffeluxxe.com;;;;;
www.fctry.com;;;;;
www.wellements.com;;;;;
www.joannavargas.com;;;;;
www.hamahamaoysters.com;;;;;
www.ambronite.com;;;;;
www.tomboyx.com;;;;;
www.westrockcoffee.com;;;;;
www.jamieyoung.com;;;;;
www.syncperformance.com;;;;;
www.shirleyspopcorn.com;;;;;
www.thepeachtruck.com;;;;;
www.qswimwear.com;;;;;
www.aquadesign.com;;;;;
www.hellanbach.com;;;;;
www.imperialmotion.com;;;;;
www.bloomplanners.com;;;;;
www.lightstim.com;;;;;
www.bulbamerica.com;;;;;
www.tlroom.com;;;;;
www.indosole.com;;;;;
www.westofcamden.com;;;;;
www.onwardreserve.com;;;;;
www.purastainless.com;;;;;
www.funfactory.com;;;;;
www.mylesapparel.com;;;;;
www.monicaandandy.com;;;;;
www.duluthpack.com;;;;;
www.seasucker.com;;;;;
www.billykirk.com;;;;;
www.gnarbox.com;;;;;
www.combatgent.com;;;;;
www.wildfriendsfoods.com;;;;;
www.equator.ca;;;;;
www.feelgoodz.com;;;;;
www.topsmalibu.com;;;;;
www.anticafarmacista.com;;;;;
www.apothecanna.com;;;;;
www.inkmonstr.com;;;;;
www.radpowerbikes.com;;;;;
www.cloudcitydrones.com;;;;;
www.maxmuscle.com;;;;;
www.fanjoy.co;;;;;
www.eatbanza.com;;;;;
www.michaelmcollection.com;;;;;
www.railsclothing.com;;;;;
www.beautifuldestinations.com;;;;;
www.mishkanyc.com;;;;;
www.stockandbarrelco.com;;;;;
www.drinknooma.com;;;;;
www.wellements.com;;;;;
www.livieandluca.com;;;;;
www.braceability.com;;;;;
www.katefarms.com;;;;;
www.captainfin.com;;;;;
www.duluthpack.com;;;;;
www.fillyflair.com;;;;;
www.wildminimalist.com;;;;;
www.saturdaysnyc.com;;;;;
www.mattandnat.com;;;;;
www.radpowerbikes.com;;;;;
www.afflictionclothing.com;;;;;
www.lather.com;;;;;
www.harpdesignco.com;;;;;
www.kuttingweight.com;;;;;
www.strafeouterwear.com;;;;;
www.steelpony.com;;;;;
www.treadwright.com;;;;;
www.boppy.com;;;;;
www.barbellapparel.com;;;;;
www.banksjournal.com;;;;;
www.juneandjanuary.com;;;;;
www.charliebymz.com;;;;;
www.rainraps.com;;;;;
www.eone-time.com;;;;;
www.drinktinto.com;;;;;
www.onia.com;;;;;
www.jofit.com;;;;;
www.indisha.nl;;;;;
www.seismicaudiospeakers.com;;;;;
www.freeflyapparel.com;;;;;
www.voidwatches.com;;;;;
www.calliesbiscuits.com;;;;;
www.horizn-studios.com;;;;;
www.soxy.com;;;;;
www.petitvour.com;;;;;
www.jamieyoung.com;;;;;
www.jacandjack.com;;;;;
www.freeflyapparel.com;;;;;
www.peachandlily.com;;;;;
www.barebonesbroth.com;;;;;
www.hauteflair.com;;;;;
www.bearmattress.com;;;;;
www.arccosgolf.com;;;;;
www.gotenna.com;;;;;
www.ruggable.com;;;;;
www.fishhippie.com;;;;;
www.fightersmarket.com;;;;;
www.atmosfx.com;;;;;
www.amaraorganicfoods.com;;;;;
www.swaddledesigns.com;;;;;
www.shonajoy.com.au;;;;;
www.bandier.com;;;;;
www.doubletapsurplus.com;;;;;
www.nexbelt.com;;;;;
www.templestclair.com;;;;;
www.mpenner.com;;;;;
www.lights4fun.co.uk;;;;;
www.bearbuttteam.com;;;;;
www.goodcleanlove.com;;;;;
www.ranchogordo.com;;;;;
www.howlerbros.com;;;;;
www.tannergoods.com;;;;;
www.nubounsom.com;;;;;
www.sundari.com;;;;;
www.thenaturalbabyco.com;;;;;
www.teadrop.com.au;;;;;
www.equus.co.uk;;;;;
www.voormi.com;;;;;
www.ecscoffee.com;;;;;
www.emmysorganics.com;;;;;
www.davescoffee.com;;;;;
www.hayleymenzies.com;;;;;
www.thinktankphoto.com;;;;;
www.nuzest-usa.com;;;;;
www.komono.com;;;;;
www.angelicbakehouse.com;;;;;
www.tlfapparel.com;;;;;
www.thirdwavewater.com;;;;;
www.tazachocolate.com;;;;;
www.oransi.com;;;;;
www.venusetfleur.com;;;;;
www.lazyoaf.com;;;;;
www.boydblue.com;;;;;
www.pinkolive.com;;;;;
www.amprogel.com;;;;;
www.masterdynamic.com;;;;;
www.lovefresh.com;;;;;
www.controlledchaoshair.com;;;;;
www.hammerhead.io;;;;;
www.myessentia.com;;;;;
www.betsyandiya.com;;;;;
www.bloombaby.com;;;;;
www.shwoodshop.com;;;;;
www.gouletpens.com;;;;;
www.mpenner.com;;;;;
www.clothingarts.com;;;;;
www.brooklynslate.com;;;;;
www.sensibo.com;;;;;
www.lights4fun.co.uk;;;;;
www.thisisveda.com;;;;;
www.camixa.com;;;;;
www.medicaloutfit.com;;;;;
www.greattastecatering.net;;;;;
www.donnaida.com;;;;;
www.healthcare-manager.com;;;;;
www.davescoffee.com;;;;;
www.borboletabeauty.com;;;;;
www.spikeball.com;;;;;
www.motionrc.com;;;;;
www.sprinly.com;;;;;
www.mylittleday.fr;;;;;
www.lamav.com;;;;;
www.flowfold.com;;;;;
www.thesnugg.com;;;;;
www.cg-mobile.com;;;;;
www.bodywrappers.com;;;;;
www.rarinutrition.com;;;;;
www.mfimedical.com;;;;;
www.thoumayest.com;;;;;
www.paliroots.com;;;;;
www.johnnie-o.com;;;;;
www.volcanocoffeeworks.com;;;;;
www.slidebelts.com;;;;;
www.tealula.com;;;;;
www.sea2table.com;;;;;
www.rodengray.com;;;;;
www.memorycompany.com;;;;;
www.bloombaby.com;;;;;
www.sertodo.com;;;;;
www.fantasyjewelrybox.com;;;;;
www.cinemasecrets.com;;;;;
www.theouai.com;;;;;
www.unitedbyblue.com;;;;;
www.perfectlocks.com;;;;;
www.flaskap.com;;;;;
www.boccesbakery.com;;;;;
www.eone-time.com;;;;;
www.mimiso.com;;;;;
www.survivalfrog.com;;;;;
www.hideitmounts.com;;;;;
www.carsonlife.com;;;;;
www.oraliv.com;;;;;
www.luccacouture.com;;;;;
www.thisbarsaveslives.com;;;;;
www.cultgaia.com;;;;;
www.pintrill.com;;;;;
www.backtotheroots.com;;;;;
www.wanderingbearcoffee.com;;;;;
www.hubblecontacts.com;;;;;
www.drinkhoist.com;;;;;
www.sweatybands.com;;;;;
www.romaboots.com;;;;;
www.health-ade.com;;;;;
www.fredsegal.com;;;;;
www.texashillcountryoliveco.com;;;;;
www.shootsac.com;;;;;
www.watches.com;;;;;
www.rareform.com;;;;;
www.stellavalle.com;;;;;
www.fuselenses.com;;;;;
www.jennifermillerjewelry.com;;;;;
www.tascperformance.com;;;;;
www.juliemollo.com;;;;;
www.hauntedgamecafe.com;;;;;
www.matbock.com;;;;;
www.agnesanddora.com;;;;;
www.brilliant.tech;;;;;
www.dphue.com;;;;;
www.the-citizenry.com;;;;;
www.saltandstraw.com;;;;;
www.bellalunatoys.com;;;;;
www.bellybandit.com;;;;;
www.vitalproteins.com;;;;;
www.totalnutritionhouston.com;;;;;
www.pinrose.com;;;;;
www.oseamalibu.com;;;;;
www.kalamazoocandle.com;;;;;
www.johnnyflyco.com;;;;;
www.discovernight.com;;;;;
www.itzyritzy.com;;;;;
www.sonage.com;;;;;
www.matadorup.com;;;;;
www.peacockalley.com;;;;;
www.cafespice.com;;;;;
www.helmboots.com;;;;;
www.gruntstyle.com;;;;;
www.flowfold.com;;;;;
www.seamusgolf.com;;;;;
www.sugarpaper.com;;;;;
www.mfimedical.com;;;;;
www.boneheadcomposites.com;;;;;
www.oregonswildharvest.com;;;;;
www.nutrition53.com;;;;;
www.lucadanni.com;;;;;
www.statebags.com;;;;;
www.jennibick.com;;;;;
www.ansoncalder.com;;;;;
www.sweetskendamas.com;;;;;
www.chicagofrenchpress.com;;;;;
www.tiestatea.com;;;;;
www.milliondollartan.com;;;;;
www.toesonthenose.com;;;;;
www.efcollection.com;;;;;
www.flaskap.com;;;;;
www.kurleebelle.com;;;;;
www.tentree.com;;;;;
www.ladolcevitae.com;;;;;
www.brooklynslate.com;;;;;
www.oceanwaves.com;;;;;
www.prbutcher.com;;;;;
www.deandavidson.ca;;;;;
www.bellamihair.com;;;;;
www.hauntedgamecafe.com;;;;;
www.nutrition53.com;;;;;
www.amplemeal.com;;;;;
www.imperialmotion.com;;;;;
www.jamieyoung.com;;;;;
www.bellybandit.com;;;;;
www.seismicaudiospeakers.com;;;;;
www.lamav.com;;;;;
www.gouletpens.com;;;;;
www.mimiso.com;;;;;
;;;;;
;;;;;
;;;;;
;;;;;
;;;;;
;;;;;
;;;;;
;;;;;
;;;;;
;;;;;
;;;;;
;;;;;
;;;;;
;;;;;
;;;;;
;;;;;
;;;;;
;;;;;
;;;;;
;;;;;
;;;;;
;;;;;
;;;;;
;;;;;
;;;;;
;;;;;
;;;;;
;;;;;
;;;;;
;;;;;
;;;;;
;;;;;
;;;;;
;;;;;
;;;;;
;;;;;
;;;;;
;;;;;
;;;;;
;;;;;
;;;;;
;;;;;
;;;;;
;;;;;
;;;;;
;;;;;
;;;;;
;;;;;
;;;;;
